{
  "Dart": {
    "range": 150.0,
    "cost": 305,
    "attack_speed": 85,
    "projectile_speed": 20.0,
    "damage": 1
  },
  "Hockey": {
    "range": 100.0,
    "cost": 550,
    "attack_speed": 120,
    "projectile_speed": 60.0,
    "damage": 1
  },
  "Polar": {
    "range": 100.0,
    "cost": 800,
    "attack_speed": 120,
    "projectile_speed": 100.0,
    "damage": 1
  },
  "Sniper": {
    "range": 2000.0,
    "cost": 1000,
    "attack_speed": 100,
    "projectile_speed": 80.0,
    "damage": 5
  },
  "Dragon": {
    "range": 180.0,
    "cost": 2500,
    "attack_speed": 9,
    "projectile_speed": 40.0,
    "damage": 1
  }
}