{
  "1": [
    {
      "Colors": [
        "Red"
      ],
      "Count": 15,
      "Spacing": 20
    }
  ],
  "2": [
    {
      "Colors": [
        "Red"
      ],
      "Count": 25,
      "Spacing": 20
    }
  ],
  "3": [
    {
      "Colors": [
        "Red",
        "Blue"
      ],
      "Count": 10,
      "Spacing": 15
    }
  ],
  "4": [
    {
      "Colors": [
        "Blue"
      ],
      "Count": 20,
      "Spacing": 20
    }
  ],
  "5": [
    {
      "Colors": [
        "Red",
        "Blue"
      ],
      "Count": 20,
      "Spacing": 15
    }
  ],
  "6": [
    {
      "Colors": [
        "Green"
      ],
      "Count": 10,
      "Spacing": 15
    }
  ],
  "7": [
    {
      "Colors": [
        "Green",
        "Blue"
      ],
      "Count": 12,
      "Spacing": 15
    }
  ],
  "8": [
    {
      "Colors": [
        "Green"
      ],
      "Count": 20,
      "Spacing": 15
    },
    {
      "Colors": [
        "Red"
      ],
      "Count": 20,
      "Spacing": 15
    }
  ],
  "9": [
    {
      "Colors": [
        "Green"
      ],
      "Count": 30,
      "Spacing": 40
    }
  ],
  "10": [
    {
      "Colors": [
        "Yellow"
      ],
      "Count": 15,
      "Spacing": 15
    }
  ],
  "11": [
    {
      "Colors": [
        "Blue"
      ],
      "Count": 50,
      "Spacing": 5
    }
  ],
  "12": [
    {
      "Colors": [
        "Green"
      ],
      "Count": 30,
      "Spacing": 15
    },
    {
      "Colors": [
        "Yellow"
      ],
      "Count": 10,
      "Spacing": 50
    }
  ],
  "13": [
    {
      "Colors": [
        "Yellow"
      ],
      "Count": 22,
      "Spacing": 20
    }
  ],
  "14": [
    {
      "Colors": [
        "Green",
        "Yellow",
        "Green",
        "Yellow"
      ],
      "Count": 12,
      "Spacing": 15
    }
  ],
  "15": [
    {
      "Colors": [
        "Green"
      ],
      "Count": 50,
      "Spacing": 10
    }
  ],
  "16": [
    {
      "Colors": [
        "Red"
      ],
      "Count": 30,
      "Spacing": 8
    },
    {
      "Colors": [
        "Blue"
      ],
      "Count": 30,
      "Spacing": 8
    },
    {
      "Colors": [
        "Green"
      ],
      "Count": 20,
      "Spacing": 2
    },
    {
      "Colors": [
        "Yellow"
      ],
      "Count": 5,
      "Spacing": 30
    }
  ],
  "17": [
    {
      "Colors": [
        "Orange"
      ],
      "Count": 40,
      "Spacing": 20
    }
  ],
  "18": [
    {
      "Colors": [
        "Blue"
      ],
      "Count": 150,
      "Spacing": 5
    }
  ],
  "19": [
    {
      "Colors": [
        "Lead"
      ],
      "Count": 1,
      "Spacing": 15
    }
  ],
  "20": [
    {
      "Colors": [
        "Orange"
      ],
      "Count": 50,
      "Spacing": 15
    }
  ],
  "21": [
    {
      "Colors": [
        "Yellow"
      ],
      "Count": 50,
      "Spacing": 8
    }
  ],
  "22": [
    {
      "Colors": [
        "Green",
        "Yellow",
        "Orange"
      ],
      "Count": 20,
      "Spacing": 8
    }
  ],
  "23": [
    {
      "Colors": [
        "Purple"
      ],
      "Count": 30,
      "Spacing": 10
    }
  ],
  "24": [
    {
      "Colors": [
        "Orange"
      ],
      "Count": 15,
      "Spacing": 2
    },
    {
      "Colors": [
        "Green"
      ],
      "Count": 75,
      "Spacing": 10
    }
  ],
  "25": [
    {
      "Colors": [
        "Lead",
        "Purple"
      ],
      "Count": 15,
      "Spacing": 10
    }
  ],
  "26": [
    {
      "Colors": [
        "Purple"
      ],
      "Count": 40,
      "Spacing": 5
    }
  ],
  "27": [
    {
      "Colors": [
        "Yellow"
      ],
      "Count": 100,
      "Spacing": 10
    }
  ],
  "28": [
    {
      "Colors": [
        "Lead"
      ],
      "Count": 20,
      "Spacing": 2
    }
  ],
  "29": [
    {
      "Colors": [
        "Purple",
        "Yellow"
      ],
      "Count": 60,
      "Spacing": 8
    }
  ],
  "30": [
    {
      "Colors": [
        "Lead",
        "Purple"
      ],
      "Count": 40,
      "Spacing": 4
    }
  ]
}